insert into proprietario values
("03456734523","João Paulo"),
("08634858456", "Maria Helena"),
("01233563634","José Alves"),
("12163276976","Murilo Pereira");
insert into inquilino values
("21373597865","Daniel Sousa"),
("21563434876","Joana Oliveira"),
("07654876789","Luana Moreira"),
("04534356785","Joaquim Lima"),
("02363477899","Gustavo Alfred"),
("03345478678","Marcos Souza"),
("03423467845","Pedro Silva");
insert into corretor values
("07345327465","Jhonatam Mess"),
("03455466588","Marco Aurélio"),
("03322134322","Alessandra Pereira"),
("09899856444","Jonas Correia"),
("04533789655","Ana Clara Lima");
insert into imovel values
(111, "Casa Azul", "Santo Amaro","01233563634"),
(112, "Apartamento Duplo", "Centro", "03456734523"),
(113, "Casa Rosa", "Jardim Alegre", "03456734523"),
(114, "Sobrado Amarelo", "Morro Fundo", "03456734523"),
(115, "Casa Tijolo", "Santo Amaro", "12163276976"),
(116, "Apartamento Triplo", "Jardim América", "03456734523"),
(117, "Kitnet 1", "Jardim América", "08634858456"),
(118, "Kitnet 2", "Jardim Alegre", "01233563634"),
(119, "Kitnet 3", "Jardim Alegre", "12163276976");
insert into aluguel values
(001, '2013-02-12', '2013-02-15', '899.65', "21373597865",114, "03456734523", "07345327465"),
(002, '2013-03-25', '2013-03-30', '1299.65', "21373597865",113, "03456734523", "03322134322"),
(003, '2013-01-25', '2013-01-30', '400.99', "07654876789",119, "12163276976", "09899856444"),
(004, '2013-03-22', '2013-03-31', '430.00', "03345478678",115, "12163276976", "04533789655"),
(005, '2013-01-14', '2013-01-20', '560.65', "02363477899",118, "03456734523", "03455466588");